"表章項目","人口","概算値","全国","時間軸（年月日現在）","年齢5歳階級","/男女別","男女計","男","女"
"人口【万人】","総人口","概算値","全国","2021年12月","総数","","12,547","6,099","6,448"
"人口【万人】","総人口","概算値","全国","2021年12月","0～4歳","","437","224","214"
"人口【万人】","総人口","概算値","全国","2021年12月","5～9歳","","503","258","245"
"人口【万人】","総人口","概算値","全国","2021年12月","10～14歳","","535","274","261"
"人口【万人】","総人口","概算値","全国","2021年12月","15～19歳","","559","287","272"
"人口【万人】","総人口","概算値","全国","2021年12月","20～24歳","","626","320","306"
"人口【万人】","総人口","概算値","全国","2021年12月","25～29歳","","639","328","311"
"人口【万人】","総人口","概算値","全国","2021年12月","30～34歳","","654","334","320"
"人口【万人】","総人口","概算値","全国","2021年12月","35～39歳","","734","373","361"
"人口【万人】","総人口","概算値","全国","2021年12月","40～44歳","","814","413","401"
"人口【万人】","総人口","概算値","全国","2021年12月","45～49歳","","969","491","479"
"人口【万人】","総人口","概算値","全国","2021年12月","50～54歳","","935","470","464"
"人口【万人】","総人口","概算値","全国","2021年12月","55～59歳","","781","390","391"
"人口【万人】","総人口","概算値","全国","2021年12月","60～64歳","","738","365","373"
"人口【万人】","総人口","概算値","全国","2021年12月","65～69歳","","782","380","402"
"人口【万人】","総人口","概算値","全国","2021年12月","70～74歳","","964","455","509"
"人口【万人】","総人口","概算値","全国","2021年12月","75～79歳","","673","300","373"
"人口【万人】","総人口","概算値","全国","2021年12月","80～84歳","","561","233","328"
"人口【万人】","総人口","概算値","全国","2021年12月","85～89歳","","388","139","249"
"人口【万人】","総人口","概算値","全国","2021年12月","90～94歳","","192","54","138"
"人口【万人】","総人口","概算値","全国","2021年12月","95～99歳","","55","11","44"
"人口【万人】","総人口","概算値","全国","2021年12月","100歳以上","","9","1","8"
"人口【万人】","総人口","概算値","全国","2021年12月","（再掲）15歳未満","","1,475","756","719"
"人口【万人】","総人口","概算値","全国","2021年12月","（再掲）15～64歳","","7,449","3,771","3,678"
"人口【万人】","総人口","概算値","全国","2021年12月","（再掲）65歳以上","","3,624","1,573","2,051"
"人口【万人】","総人口","概算値","全国","2021年12月","（再掲）うち75歳以上","","1,878","738","1,140"
"人口【万人】","総人口","概算値","全国","2021年12月","（再掲）うち85歳以上","","644","205","439"
"人口【万人】","総人口","概算値","全国","2022年1月","総数","","12,544","6,098","6,446"
"人口【万人】","総人口","概算値","全国","2022年1月","0～4歳","","436","223","213"
"人口【万人】","総人口","概算値","全国","2022年1月","5～9歳","","502","257","245"
"人口【万人】","総人口","概算値","全国","2022年1月","10～14歳","","534","274","260"
"人口【万人】","総人口","概算値","全国","2022年1月","15～19歳","","560","287","273"
"人口【万人】","総人口","概算値","全国","2022年1月","20～24歳","","626","321","306"
"人口【万人】","総人口","概算値","全国","2022年1月","25～29歳","","639","328","311"
"人口【万人】","総人口","概算値","全国","2022年1月","30～34歳","","653","334","319"
"人口【万人】","総人口","概算値","全国","2022年1月","35～39歳","","733","372","361"
"人口【万人】","総人口","概算値","全国","2022年1月","40～44歳","","812","412","400"
"人口【万人】","総人口","概算値","全国","2022年1月","45～49歳","","968","490","478"
"人口【万人】","総人口","概算値","全国","2022年1月","50～54歳","","938","472","466"
"人口【万人】","総人口","概算値","全国","2022年1月","55～59歳","","781","390","391"
"人口【万人】","総人口","概算値","全国","2022年1月","60～64歳","","739","365","374"
"人口【万人】","総人口","概算値","全国","2022年1月","65～69歳","","779","379","401"
"人口【万人】","総人口","概算値","全国","2022年1月","70～74歳","","964","455","509"
"人口【万人】","総人口","概算値","全国","2022年1月","75～79歳","","672","300","372"
"人口【万人】","総人口","概算値","全国","2022年1月","80～84歳","","563","234","329"
"人口【万人】","総人口","概算値","全国","2022年1月","85～89歳","","388","139","249"
"人口【万人】","総人口","概算値","全国","2022年1月","90～94歳","","192","54","138"
"人口【万人】","総人口","概算値","全国","2022年1月","95～99歳","","55","11","44"
"人口【万人】","総人口","概算値","全国","2022年1月","100歳以上","","9","1","8"
"人口【万人】","総人口","概算値","全国","2022年1月","（再掲）15歳未満","","1,472","754","718"
"人口【万人】","総人口","概算値","全国","2022年1月","（再掲）15～64歳","","7,449","3,771","3,677"
"人口【万人】","総人口","概算値","全国","2022年1月","（再掲）65歳以上","","3,622","1,572","2,050"
"人口【万人】","総人口","概算値","全国","2022年1月","（再掲）うち75歳以上","","1,879","739","1,140"
"人口【万人】","総人口","概算値","全国","2022年1月","（再掲）うち85歳以上","","643","205","438"
"人口【万人】","総人口","概算値","全国","2022年2月","総数","","12,534","6,094","6,441"
"人口【万人】","総人口","概算値","全国","2022年2月","0～4歳","","435","222","212"
"人口【万人】","総人口","概算値","全国","2022年2月","5～9歳","","501","257","244"
"人口【万人】","総人口","概算値","全国","2022年2月","10～14歳","","534","274","260"
"人口【万人】","総人口","概算値","全国","2022年2月","15～19歳","","559","287","272"
"人口【万人】","総人口","概算値","全国","2022年2月","20～24歳","","626","321","305"
"人口【万人】","総人口","概算値","全国","2022年2月","25～29歳","","639","328","311"
"人口【万人】","総人口","概算値","全国","2022年2月","30～34歳","","652","333","319"
"人口【万人】","総人口","概算値","全国","2022年2月","35～39歳","","732","372","360"
"人口【万人】","総人口","概算値","全国","2022年2月","40～44歳","","810","411","399"
"人口【万人】","総人口","概算値","全国","2022年2月","45～49歳","","964","488","476"
"人口【万人】","総人口","概算値","全国","2022年2月","50～54歳","","936","471","465"
"人口【万人】","総人口","概算値","全国","2022年2月","55～59歳","","784","391","392"
"人口【万人】","総人口","概算値","全国","2022年2月","60～64歳","","738","365","373"
"人口【万人】","総人口","概算値","全国","2022年2月","65～69歳","","775","377","398"
"人口【万人】","総人口","概算値","全国","2022年2月","70～74歳","","960","453","507"
"人口【万人】","総人口","概算値","全国","2022年2月","75～79歳","","675","301","373"
"人口【万人】","総人口","概算値","全国","2022年2月","80～84歳","","566","235","331"
"人口【万人】","総人口","概算値","全国","2022年2月","85～89歳","","391","141","250"
"人口【万人】","総人口","概算値","全国","2022年2月","90～94歳","","193","54","139"
"人口【万人】","総人口","概算値","全国","2022年2月","95～99歳","","56","11","45"
"人口【万人】","総人口","概算値","全国","2022年2月","100歳以上","","9","1","8"
"人口【万人】","総人口","概算値","全国","2022年2月","（再掲）15歳未満","","1,469","753","717"
"人口【万人】","総人口","概算値","全国","2022年2月","（再掲）15～64歳","","7,440","3,768","3,673"
"人口【万人】","総人口","概算値","全国","2022年2月","（再掲）65歳以上","","3,625","1,573","2,051"
"人口【万人】","総人口","概算値","全国","2022年2月","（再掲）うち75歳以上","","1,889","744","1,146"
"人口【万人】","総人口","概算値","全国","2022年2月","（再掲）うち85歳以上","","649","207","442"
"人口【万人】","総人口","概算値","全国","2022年3月","総数","","12,526","6,090","6,437"
"人口【万人】","総人口","概算値","全国","2022年3月","0～4歳","","433","221","211"
"人口【万人】","総人口","概算値","全国","2022年3月","5～9歳","","500","256","244"
"人口【万人】","総人口","概算値","全国","2022年3月","10～14歳","","534","274","260"
"人口【万人】","総人口","概算値","全国","2022年3月","15～19歳","","557","286","271"
"人口【万人】","総人口","概算値","全国","2022年3月","20～24歳","","626","321","305"
"人口【万人】","総人口","概算値","全国","2022年3月","25～29歳","","639","328","311"
"人口【万人】","総人口","概算値","全国","2022年3月","30～34歳","","651","333","318"
"人口【万人】","総人口","概算値","全国","2022年3月","35～39歳","","730","371","359"
"人口【万人】","総人口","概算値","全国","2022年3月","40～44歳","","808","410","399"
"人口【万人】","総人口","概算値","全国","2022年3月","45～49歳","","961","486","474"
"人口【万人】","総人口","概算値","全国","2022年3月","50～54歳","","936","471","464"
"人口【万人】","総人口","概算値","全国","2022年3月","55～59歳","","786","393","394"
"人口【万人】","総人口","概算値","全国","2022年3月","60～64歳","","739","366","374"
"人口【万人】","総人口","概算値","全国","2022年3月","65～69歳","","771","375","396"
"人口【万人】","総人口","概算値","全国","2022年3月","70～74歳","","959","452","506"
"人口【万人】","総人口","概算値","全国","2022年3月","75～79歳","","676","302","374"
"人口【万人】","総人口","概算値","全国","2022年3月","80～84歳","","568","236","331"
"人口【万人】","総人口","概算値","全国","2022年3月","85～89歳","","392","141","251"
"人口【万人】","総人口","概算値","全国","2022年3月","90～94歳","","194","55","140"
"人口【万人】","総人口","概算値","全国","2022年3月","95～99歳","","56","11","45"
"人口【万人】","総人口","概算値","全国","2022年3月","100歳以上","","9","1","8"
"人口【万人】","総人口","概算値","全国","2022年3月","（再掲）15歳未満","","1,467","751","715"
"人口【万人】","総人口","概算値","全国","2022年3月","（再掲）15～64歳","","7,434","3,764","3,669"
"人口【万人】","総人口","概算値","全国","2022年3月","（再掲）65歳以上","","3,626","1,574","2,052"
"人口【万人】","総人口","概算値","全国","2022年3月","（再掲）うち75歳以上","","1,896","747","1,149"
"人口【万人】","総人口","概算値","全国","2022年3月","（再掲）うち85歳以上","","652","208","444"
"人口【万人】","総人口","概算値","全国","2022年4月","総数","","12,519","6,086","6,433"
"人口【万人】","総人口","概算値","全国","2022年4月","0～4歳","","433","221","211"
"人口【万人】","総人口","概算値","全国","2022年4月","5～9歳","","499","256","243"
"人口【万人】","総人口","概算値","全国","2022年4月","10～14歳","","533","273","260"
"人口【万人】","総人口","概算値","全国","2022年4月","15～19歳","","556","285","270"
"人口【万人】","総人口","概算値","全国","2022年4月","20～24歳","","625","320","305"
"人口【万人】","総人口","概算値","全国","2022年4月","25～29歳","","638","328","311"
"人口【万人】","総人口","概算値","全国","2022年4月","30～34歳","","649","332","317"
"人口【万人】","総人口","概算値","全国","2022年4月","35～39歳","","729","371","359"
"人口【万人】","総人口","概算値","全国","2022年4月","40～44歳","","806","409","397"
"人口【万人】","総人口","概算値","全国","2022年4月","45～49歳","","958","485","473"
"人口【万人】","総人口","概算値","全国","2022年4月","50～54歳","","934","471","464"
"人口【万人】","総人口","概算値","全国","2022年4月","55～59歳","","790","395","395"
"人口【万人】","総人口","概算値","全国","2022年4月","60～64歳","","740","366","374"
"人口【万人】","総人口","概算値","全国","2022年4月","65～69歳","","767","373","394"
"人口【万人】","総人口","概算値","全国","2022年4月","70～74歳","","956","451","505"
"人口【万人】","総人口","概算値","全国","2022年4月","75～79歳","","679","304","375"
"人口【万人】","総人口","概算値","全国","2022年4月","80～84歳","","568","237","332"
"人口【万人】","総人口","概算値","全国","2022年4月","85～89歳","","393","142","251"
"人口【万人】","総人口","概算値","全国","2022年4月","90～94歳","","197","55","141"
"人口【万人】","総人口","概算値","全国","2022年4月","95～99歳","","57","11","46"
"人口【万人】","総人口","概算値","全国","2022年4月","100歳以上","","9","1","8"
"人口【万人】","総人口","概算値","全国","2022年4月","（再掲）15歳未満","","1,465","751","715"
"人口【万人】","総人口","概算値","全国","2022年4月","（再掲）15～64歳","","7,426","3,761","3,666"
"人口【万人】","総人口","概算値","全国","2022年4月","（再掲）65歳以上","","3,627","1,575","2,053"
"人口【万人】","総人口","概算値","全国","2022年4月","（再掲）うち75歳以上","","1,904","750","1,153"
"人口【万人】","総人口","概算値","全国","2022年4月","（再掲）うち85歳以上","","656","210","447"
"人口【万人】","総人口","概算値","全国","2022年5月","総数","","12,505","6,079","6,426"
"人口【万人】","総人口","概算値","全国","2022年5月","0～4歳","","432","221","211"
"人口【万人】","総人口","概算値","全国","2022年5月","5～9歳","","499","256","243"
"人口【万人】","総人口","概算値","全国","2022年5月","10～14歳","","533","273","260"
"人口【万人】","総人口","概算値","全国","2022年5月","15～19歳","","553","284","269"
"人口【万人】","総人口","概算値","全国","2022年5月","20～24歳","","622","318","304"
"人口【万人】","総人口","概算値","全国","2022年5月","25～29歳","","636","327","310"
"人口【万人】","総人口","概算値","全国","2022年5月","30～34歳","","647","331","316"
"人口【万人】","総人口","概算値","全国","2022年5月","35～39歳","","728","370","358"
"人口【万人】","総人口","概算値","全国","2022年5月","40～44歳","","803","407","396"
"人口【万人】","総人口","概算値","全国","2022年5月","45～49歳","","956","484","472"
"人口【万人】","総人口","概算値","全国","2022年5月","50～54歳","","934","471","464"
"人口【万人】","総人口","概算値","全国","2022年5月","55～59歳","","793","396","397"
"人口【万人】","総人口","概算値","全国","2022年5月","60～64歳","","741","366","374"
"人口【万人】","総人口","概算値","全国","2022年5月","65～69歳","","765","372","393"
"人口【万人】","総人口","概算値","全国","2022年5月","70～74歳","","954","450","504"
"人口【万人】","総人口","概算値","全国","2022年5月","75～79歳","","682","305","377"
"人口【万人】","総人口","概算値","全国","2022年5月","80～84歳","","569","237","332"
"人口【万人】","総人口","概算値","全国","2022年5月","85～89歳","","394","142","252"
"人口【万人】","総人口","概算値","全国","2022年5月","90～94歳","","197","56","141"
"人口【万人】","総人口","概算値","全国","2022年5月","95～99歳","","57","11","46"
"人口【万人】","総人口","概算値","全国","2022年5月","100歳以上","","9","1","8"
"人口【万人】","総人口","概算値","全国","2022年5月","（再掲）15歳未満","","1,464","750","714"
"人口【万人】","総人口","概算値","全国","2022年5月","（再掲）15～64歳","","7,415","3,755","3,660"
"人口【万人】","総人口","概算値","全国","2022年5月","（再掲）65歳以上","","3,627","1,574","2,052"
"人口【万人】","総人口","概算値","全国","2022年5月","（再掲）うち75歳以上","","1,908","752","1,156"
"人口【万人】","総人口","概算値","全国","2022年5月","（再掲）うち85歳以上","","657","210","447"
"人口【万人】","総人口","概算値","全国","2022年6月","総数","","12,493","6,072","6,420"
"人口【万人】","総人口","概算値","全国","2022年6月","0～4歳","","430","220","210"
"人口【万人】","総人口","概算値","全国","2022年6月","5～9歳","","498","255","243"
"人口【万人】","総人口","概算値","全国","2022年6月","10～14歳","","532","273","259"
"人口【万人】","総人口","概算値","全国","2022年6月","15～19歳","","552","283","269"
"人口【万人】","総人口","概算値","全国","2022年6月","20～24歳","","619","317","302"
"人口【万人】","総人口","概算値","全国","2022年6月","25～29歳","","635","326","309"
"人口【万人】","総人口","概算値","全国","2022年6月","30～34歳","","645","330","315"
"人口【万人】","総人口","概算値","全国","2022年6月","35～39歳","","727","369","357"
"人口【万人】","総人口","概算値","全国","2022年6月","40～44歳","","801","406","395"
"人口【万人】","総人口","概算値","全国","2022年6月","45～49歳","","954","483","471"
"人口【万人】","総人口","概算値","全国","2022年6月","50～54歳","","935","471","464"
"人口【万人】","総人口","概算値","全国","2022年6月","55～59歳","","796","398","398"
"人口【万人】","総人口","概算値","全国","2022年6月","60～64歳","","741","367","375"
"人口【万人】","総人口","概算値","全国","2022年6月","65～69歳","","763","371","392"
"人口【万人】","総人口","概算値","全国","2022年6月","70～74歳","","951","449","502"
"人口【万人】","総人口","概算値","全国","2022年6月","75～79歳","","685","307","379"
"人口【万人】","総人口","概算値","全国","2022年6月","80～84歳","","570","237","332"
"人口【万人】","総人口","概算値","全国","2022年6月","85～89歳","","394","142","252"
"人口【万人】","総人口","概算値","全国","2022年6月","90～94歳","","197","56","142"
"人口【万人】","総人口","概算値","全国","2022年6月","95～99歳","","57","11","45"
"人口【万人】","総人口","概算値","全国","2022年6月","100歳以上","","9","1","8"
"人口【万人】","総人口","概算値","全国","2022年6月","（再掲）15歳未満","","1,460","748","712"
"人口【万人】","総人口","概算値","全国","2022年6月","（再掲）15～64歳","","7,407","3,750","3,656"
"人口【万人】","総人口","概算値","全国","2022年6月","（再掲）65歳以上","","3,626","1,574","2,052"
"人口【万人】","総人口","概算値","全国","2022年6月","（再掲）うち75歳以上","","1,912","754","1,158"
"人口【万人】","総人口","概算値","全国","2022年6月","（再掲）うち85歳以上","","657","210","447"
"人口【万人】","総人口","概算値","全国","2022年7月","総数","","12,484","6,067","6,416"
"人口【万人】","総人口","概算値","全国","2022年7月","0～4歳","","429","220","209"
"人口【万人】","総人口","概算値","全国","2022年7月","5～9歳","","497","255","243"
"人口【万人】","総人口","概算値","全国","2022年7月","10～14歳","","532","272","259"
"人口【万人】","総人口","概算値","全国","2022年7月","15～19歳","","551","283","268"
"人口【万人】","総人口","概算値","全国","2022年7月","20～24歳","","616","315","301"
"人口【万人】","総人口","概算値","全国","2022年7月","25～29歳","","634","325","309"
"人口【万人】","総人口","概算値","全国","2022年7月","30～34歳","","644","329","315"
"人口【万人】","総人口","概算値","全国","2022年7月","35～39歳","","725","368","357"
"人口【万人】","総人口","概算値","全国","2022年7月","40～44歳","","799","405","394"
"人口【万人】","総人口","概算値","全国","2022年7月","45～49歳","","953","482","470"
"人口【万人】","総人口","概算値","全国","2022年7月","50～54歳","","937","472","465"
"人口【万人】","総人口","概算値","全国","2022年7月","55～59歳","","799","399","400"
"人口【万人】","総人口","概算値","全国","2022年7月","60～64歳","","741","367","375"
"人口【万人】","総人口","概算値","全国","2022年7月","65～69歳","","761","370","391"
"人口【万人】","総人口","概算値","全国","2022年7月","70～74歳","","948","447","501"
"人口【万人】","総人口","概算値","全国","2022年7月","75～79歳","","689","308","380"
"人口【万人】","総人口","概算値","全国","2022年7月","80～84歳","","571","238","333"
"人口【万人】","総人口","概算値","全国","2022年7月","85～89歳","","394","142","252"
"人口【万人】","総人口","概算値","全国","2022年7月","90～94歳","","198","56","142"
"人口【万人】","総人口","概算値","全国","2022年7月","95～99歳","","57","11","45"
"人口【万人】","総人口","概算値","全国","2022年7月","100歳以上","","9","1","8"
"人口【万人】","総人口","概算値","全国","2022年7月","（再掲）15歳未満","","1,458","747","711"
"人口【万人】","総人口","概算値","全国","2022年7月","（再掲）15～64歳","","7,400","3,747","3,653"
"人口【万人】","総人口","概算値","全国","2022年7月","（再掲）65歳以上","","3,626","1,574","2,052"
"人口【万人】","総人口","概算値","全国","2022年7月","（再掲）うち75歳以上","","1,917","757","1,160"
"人口【万人】","総人口","概算値","全国","2022年7月","（再掲）うち85歳以上","","657","210","447"
"人口【万人】","総人口","概算値","全国","2022年8月","総数","","12,478","6,064","6,414"
"人口【万人】","総人口","概算値","全国","2022年8月","0～4歳","","428","219","209"
"人口【万人】","総人口","概算値","全国","2022年8月","5～9歳","","496","254","242"
"人口【万人】","総人口","概算値","全国","2022年8月","10～14歳","","531","272","259"
"人口【万人】","総人口","概算値","全国","2022年8月","15～19歳","","550","282","268"
"人口【万人】","総人口","概算値","全国","2022年8月","20～24歳","","615","315","300"
"人口【万人】","総人口","概算値","全国","2022年8月","25～29歳","","634","325","309"
"人口【万人】","総人口","概算値","全国","2022年8月","30～34歳","","643","329","314"
"人口【万人】","総人口","概算値","全国","2022年8月","35～39歳","","724","368","356"
"人口【万人】","総人口","概算値","全国","2022年8月","40～44歳","","797","404","393"
"人口【万人】","総人口","概算値","全国","2022年8月","45～49歳","","951","481","469"
"人口【万人】","総人口","概算値","全国","2022年8月","50～54歳","","939","473","466"
"人口【万人】","総人口","概算値","全国","2022年8月","55～59歳","","802","401","401"
"人口【万人】","総人口","概算値","全国","2022年8月","60～64歳","","742","367","375"
"人口【万人】","総人口","概算値","全国","2022年8月","65～69歳","","759","369","390"
"人口【万人】","総人口","概算値","全国","2022年8月","70～74歳","","943","445","498"
"人口【万人】","総人口","概算値","全国","2022年8月","75～79歳","","694","311","383"
"人口【万人】","総人口","概算値","全国","2022年8月","80～84歳","","572","238","334"
"人口【万人】","総人口","概算値","全国","2022年8月","85～89歳","","394","142","252"
"人口【万人】","総人口","概算値","全国","2022年8月","90～94歳","","198","56","142"
"人口【万人】","総人口","概算値","全国","2022年8月","95～99歳","","57","11","45"
"人口【万人】","総人口","概算値","全国","2022年8月","100歳以上","","9","1","8"
"人口【万人】","総人口","概算値","全国","2022年8月","（再掲）15歳未満","","1,455","746","710"
"人口【万人】","総人口","概算値","全国","2022年8月","（再掲）15～64歳","","7,396","3,745","3,651"
"人口【万人】","総人口","概算値","全国","2022年8月","（再掲）65歳以上","","3,626","1,574","2,052"
"人口【万人】","総人口","概算値","全国","2022年8月","（再掲）うち75歳以上","","1,925","760","1,164"
"人口【万人】","総人口","概算値","全国","2022年8月","（再掲）うち85歳以上","","658","211","448"
"人口【万人】","総人口","概算値","全国","2022年9月","総数","","12,475","6,063","6,412"
"人口【万人】","総人口","概算値","全国","2022年9月","0～4歳","","426","218","208"
"人口【万人】","総人口","概算値","全国","2022年9月","5～9歳","","496","254","242"
"人口【万人】","総人口","概算値","全国","2022年9月","10～14歳","","531","272","259"
"人口【万人】","総人口","概算値","全国","2022年9月","15～19歳","","550","282","267"
"人口【万人】","総人口","概算値","全国","2022年9月","20～24歳","","614","314","300"
"人口【万人】","総人口","概算値","全国","2022年9月","25～29歳","","635","325","309"
"人口【万人】","総人口","概算値","全国","2022年9月","30～34歳","","642","328","314"
"人口【万人】","総人口","概算値","全国","2022年9月","35～39歳","","722","367","355"
"人口【万人】","総人口","概算値","全国","2022年9月","40～44歳","","796","403","392"
"人口【万人】","総人口","概算値","全国","2022年9月","45～49歳","","948","480","468"
"人口【万人】","総人口","概算値","全国","2022年9月","50～54歳","","941","474","467"
"人口【万人】","総人口","概算値","全国","2022年9月","55～59歳","","805","402","403"
"人口【万人】","総人口","概算値","全国","2022年9月","60～64歳","","743","368","375"
"人口【万人】","総人口","概算値","全国","2022年9月","65～69歳","","756","368","388"
"人口【万人】","総人口","概算値","全国","2022年9月","70～74歳","","938","443","496"
"人口【万人】","総人口","概算値","全国","2022年9月","75～79歳","","699","313","386"
"人口【万人】","総人口","概算値","全国","2022年9月","80～84歳","","574","239","335"
"人口【万人】","総人口","概算値","全国","2022年9月","85～89歳","","395","143","252"
"人口【万人】","総人口","概算値","全国","2022年9月","90～94歳","","199","56","143"
"人口【万人】","総人口","概算値","全国","2022年9月","95～99歳","","57","11","45"
"人口【万人】","総人口","概算値","全国","2022年9月","100歳以上","","9","1","8"
"人口【万人】","総人口","概算値","全国","2022年9月","（再掲）15歳未満","","1,453","744","709"
"人口【万人】","総人口","概算値","全国","2022年9月","（再掲）15～64歳","","7,395","3,745","3,650"
"人口【万人】","総人口","概算値","全国","2022年9月","（再掲）65歳以上","","3,627","1,574","2,053"
"人口【万人】","総人口","概算値","全国","2022年9月","（再掲）うち75歳以上","","1,932","764","1,169"
"人口【万人】","総人口","概算値","全国","2022年9月","（再掲）うち85歳以上","","660","211","448"
"人口【万人】","総人口","概算値","全国","2022年10月","総数","","12,483","6,068","6,415"
"人口【万人】","総人口","概算値","全国","2022年10月","0～4歳","","425","218","208"
"人口【万人】","総人口","概算値","全国","2022年10月","5～9歳","","495","253","241"
"人口【万人】","総人口","概算値","全国","2022年10月","10～14歳","","531","272","259"
"人口【万人】","総人口","概算値","全国","2022年10月","15～19歳","","550","282","268"
"人口【万人】","総人口","概算値","全国","2022年10月","20～24歳","","620","318","302"
"人口【万人】","総人口","概算値","全国","2022年10月","25～29歳","","637","327","310"
"人口【万人】","総人口","概算値","全国","2022年10月","30～34歳","","643","329","314"
"人口【万人】","総人口","概算値","全国","2022年10月","35～39歳","","720","366","354"
"人口【万人】","総人口","概算値","全国","2022年10月","40～44歳","","794","403","392"
"人口【万人】","総人口","概算値","全国","2022年10月","45～49歳","","946","479","467"
"人口【万人】","総人口","概算値","全国","2022年10月","50～54歳","","943","476","468"
"人口【万人】","総人口","概算値","全国","2022年10月","55～59歳","","807","404","404"
"人口【万人】","総人口","概算値","全国","2022年10月","60～64歳","","745","368","376"
"人口【万人】","総人口","概算値","全国","2022年10月","65～69歳","","753","366","387"
"人口【万人】","総人口","概算値","全国","2022年10月","70～74歳","","933","440","493"
"人口【万人】","総人口","概算値","全国","2022年10月","75～79歳","","704","316","388"
"人口【万人】","総人口","概算値","全国","2022年10月","80～84歳","","575","239","335"
"人口【万人】","総人口","概算値","全国","2022年10月","85～89歳","","396","143","253"
"人口【万人】","総人口","概算値","全国","2022年10月","90～94歳","","200","56","143"
"人口【万人】","総人口","概算値","全国","2022年10月","95～99歳","","57","11","45"
"人口【万人】","総人口","概算値","全国","2022年10月","100歳以上","","9","1","8"
"人口【万人】","総人口","概算値","全国","2022年10月","（再掲）15歳未満","","1,451","743","708"
"人口【万人】","総人口","概算値","全国","2022年10月","（再掲）15～64歳","","7,406","3,751","3,655"
"人口【万人】","総人口","概算値","全国","2022年10月","（再掲）65歳以上","","3,627","1,574","2,053"
"人口【万人】","総人口","概算値","全国","2022年10月","（再掲）うち75歳以上","","1,940","767","1,173"
"人口【万人】","総人口","概算値","全国","2022年10月","（再掲）うち85歳以上","","661","212","449"
"人口【万人】","総人口","概算値","全国","2022年11月","総数","","12,485","6,069","6,415"
"人口【万人】","総人口","概算値","全国","2022年11月","0～4歳","","424","217","207"
"人口【万人】","総人口","概算値","全国","2022年11月","5～9歳","","494","253","241"
"人口【万人】","総人口","概算値","全国","2022年11月","10～14歳","","530","272","259"
"人口【万人】","総人口","概算値","全国","2022年11月","15～19歳","","551","283","268"
"人口【万人】","総人口","概算値","全国","2022年11月","20～24歳","","623","319","303"
"人口【万人】","総人口","概算値","全国","2022年11月","25～29歳","","639","328","311"
"人口【万人】","総人口","概算値","全国","2022年11月","30～34歳","","643","329","314"
"人口【万人】","総人口","概算値","全国","2022年11月","35～39歳","","719","366","354"
"人口【万人】","総人口","概算値","全国","2022年11月","40～44歳","","793","402","391"
"人口【万人】","総人口","概算値","全国","2022年11月","45～49歳","","944","478","466"
"人口【万人】","総人口","概算値","全国","2022年11月","50～54歳","","946","477","469"
"人口【万人】","総人口","概算値","全国","2022年11月","55～59歳","","809","405","405"
"人口【万人】","総人口","概算値","全国","2022年11月","60～64歳","","746","369","377"
"人口【万人】","総人口","概算値","全国","2022年11月","65～69歳","","750","365","385"
"人口【万人】","総人口","概算値","全国","2022年11月","70～74歳","","928","438","490"
"人口【万人】","総人口","概算値","全国","2022年11月","75～79歳","","708","318","390"
"人口【万人】","総人口","概算値","全国","2022年11月","80～84歳","","575","239","335"
"人口【万人】","総人口","概算値","全国","2022年11月","85～89歳","","397","144","253"
"人口【万人】","総人口","概算値","全国","2022年11月","90～94歳","","201","57","144"
"人口【万人】","総人口","概算値","全国","2022年11月","95～99歳","","57","11","46"
"人口【万人】","総人口","概算値","全国","2022年11月","100歳以上","","9","1","8"
"人口【万人】","総人口","概算値","全国","2022年11月","（再掲）15歳未満","","1,448","742","707"
"人口【万人】","総人口","概算値","全国","2022年11月","（再掲）15～64歳","","7,412","3,755","3,657"
"人口【万人】","総人口","概算値","全国","2022年11月","（再掲）65歳以上","","3,625","1,573","2,052"
"人口【万人】","総人口","概算値","全国","2022年11月","（再掲）うち75歳以上","","1,946","770","1,176"
"人口【万人】","総人口","概算値","全国","2022年11月","（再掲）うち85歳以上","","663","213","450"
"人口【万人】","総人口","概算値","全国","2022年12月","総数","","12,484","6,069","6,415"
"人口【万人】","総人口","概算値","全国","2022年12月","0～4歳","","423","217","207"
"人口【万人】","総人口","概算値","全国","2022年12月","5～9歳","","494","253","241"
"人口【万人】","総人口","概算値","全国","2022年12月","10～14歳","","530","272","259"
"人口【万人】","総人口","概算値","全国","2022年12月","15～19歳","","552","283","269"
"人口【万人】","総人口","概算値","全国","2022年12月","20～24歳","","624","320","304"
"人口【万人】","総人口","概算値","全国","2022年12月","25～29歳","","640","328","311"
"人口【万人】","総人口","概算値","全国","2022年12月","30～34歳","","642","329","314"
"人口【万人】","総人口","概算値","全国","2022年12月","35～39歳","","719","365","353"
"人口【万人】","総人口","概算値","全国","2022年12月","40～44歳","","792","401","390"
"人口【万人】","総人口","概算値","全国","2022年12月","45～49歳","","942","477","465"
"人口【万人】","総人口","概算値","全国","2022年12月","50～54歳","","947","478","470"
"人口【万人】","総人口","概算値","全国","2022年12月","55～59歳","","811","405","406"
"人口【万人】","総人口","概算値","全国","2022年12月","60～64歳","","746","369","377"
"人口【万人】","総人口","概算値","全国","2022年12月","65～69歳","","748","364","384"
"人口【万人】","総人口","概算値","全国","2022年12月","70～74歳","","924","436","488"
"人口【万人】","総人口","概算値","全国","2022年12月","75～79歳","","711","319","392"
"人口【万人】","総人口","概算値","全国","2022年12月","80～84歳","","574","239","335"
"人口【万人】","総人口","概算値","全国","2022年12月","85～89歳","","397","144","253"
"人口【万人】","総人口","概算値","全国","2022年12月","90～94歳","","202","57","144"
"人口【万人】","総人口","概算値","全国","2022年12月","95～99歳","","57","12","46"
"人口【万人】","総人口","概算値","全国","2022年12月","100歳以上","","9","1","8"
"人口【万人】","総人口","概算値","全国","2022年12月","（再掲）15歳未満","","1,447","741","706"
"人口【万人】","総人口","概算値","全国","2022年12月","（再掲）15～64歳","","7,414","3,755","3,658"
"人口【万人】","総人口","概算値","全国","2022年12月","（再掲）65歳以上","","3,623","1,572","2,051"
"人口【万人】","総人口","概算値","全国","2022年12月","（再掲）うち75歳以上","","1,951","772","1,179"
"人口【万人】","総人口","概算値","全国","2022年12月","（再掲）うち85歳以上","","665","214","451"
"人口【万人】","総人口","概算値","全国","2023年1月","総数","","12,477","6,066","6,412"
"人口【万人】","総人口","概算値","全国","2023年1月","0～4歳","","422","216","206"
"人口【万人】","総人口","概算値","全国","2023年1月","5～9歳","","493","252","240"
"人口【万人】","総人口","概算値","全国","2023年1月","10～14歳","","530","272","258"
"人口【万人】","総人口","概算値","全国","2023年1月","15～19歳","","552","283","269"
"人口【万人】","総人口","概算値","全国","2023年1月","20～24歳","","624","320","304"
"人口【万人】","総人口","概算値","全国","2023年1月","25～29歳","","639","328","311"
"人口【万人】","総人口","概算値","全国","2023年1月","30～34歳","","641","328","313"
"人口【万人】","総人口","概算値","全国","2023年1月","35～39歳","","717","365","352"
"人口【万人】","総人口","概算値","全国","2023年1月","40～44歳","","790","400","390"
"人口【万人】","総人口","概算値","全国","2023年1月","45～49歳","","939","475","463"
"人口【万人】","総人口","概算値","全国","2023年1月","50～54歳","","950","479","471"
"人口【万人】","総人口","概算値","全国","2023年1月","55～59歳","","813","406","407"
"人口【万人】","総人口","概算値","全国","2023年1月","60～64歳","","747","370","377"
"人口【万人】","総人口","概算値","全国","2023年1月","65～69歳","","747","363","383"
"人口【万人】","総人口","概算値","全国","2023年1月","70～74歳","","922","435","487"
"人口【万人】","総人口","概算値","全国","2023年1月","75～79歳","","714","320","393"
"人口【万人】","総人口","概算値","全国","2023年1月","80～84歳","","574","239","335"
"人口【万人】","総人口","概算値","全国","2023年1月","85～89歳","","398","144","254"
"人口【万人】","総人口","概算値","全国","2023年1月","90～94歳","","201","57","144"
"人口【万人】","総人口","概算値","全国","2023年1月","95～99歳","","57","11","46"
"人口【万人】","総人口","概算値","全国","2023年1月","100歳以上","","9","1","8"
"人口【万人】","総人口","概算値","全国","2023年1月","（再掲）15歳未満","","1,445","740","705"
"人口【万人】","総人口","概算値","全国","2023年1月","（再掲）15～64歳","","7,411","3,755","3,657"
"人口【万人】","総人口","概算値","全国","2023年1月","（再掲）65歳以上","","3,621","1,571","2,050"
"人口【万人】","総人口","概算値","全国","2023年1月","（再掲）うち75歳以上","","1,953","773","1,179"
"人口【万人】","総人口","概算値","全国","2023年1月","（再掲）うち85歳以上","","665","214","451"
"人口【万人】","総人口","概算値","全国","2023年2月","総数","","12,463","6,059","6,404"
"人口【万人】","総人口","概算値","全国","2023年2月","0～4歳","","420","215","205"
"人口【万人】","総人口","概算値","全国","2023年2月","5～9歳","","491","252","240"
"人口【万人】","総人口","概算値","全国","2023年2月","10～14歳","","529","271","258"
"人口【万人】","総人口","概算値","全国","2023年2月","15～19歳","","551","283","268"
"人口【万人】","総人口","概算値","全国","2023年2月","20～24歳","","621","319","302"
"人口【万人】","総人口","概算値","全国","2023年2月","25～29歳","","639","328","311"
"人口【万人】","総人口","概算値","全国","2023年2月","30～34歳","","640","328","313"
"人口【万人】","総人口","概算値","全国","2023年2月","35～39歳","","715","364","351"
"人口【万人】","総人口","概算値","全国","2023年2月","40～44歳","","788","400","389"
"人口【万人】","総人口","概算値","全国","2023年2月","45～49歳","","935","473","461"
"人口【万人】","総人口","概算値","全国","2023年2月","50～54歳","","951","479","471"
"人口【万人】","総人口","概算値","全国","2023年2月","55～59歳","","813","406","406"
"人口【万人】","総人口","概算値","全国","2023年2月","60～64歳","","746","369","377"
"人口【万人】","総人口","概算値","全国","2023年2月","65～69歳","","744","362","382"
"人口【万人】","総人口","概算値","全国","2023年2月","70～74歳","","915","431","483"
"人口【万人】","総人口","概算値","全国","2023年2月","75～79歳","","720","323","397"
"人口【万人】","総人口","概算値","全国","2023年2月","80～84歳","","575","239","335"
"人口【万人】","総人口","概算値","全国","2023年2月","85～89歳","","399","145","254"
"人口【万人】","総人口","概算値","全国","2023年2月","90～94歳","","203","58","146"
"人口【万人】","総人口","概算値","全国","2023年2月","95～99歳","","58","12","46"
"人口【万人】","総人口","概算値","全国","2023年2月","100歳以上","","9","1","8"
"人口【万人】","総人口","概算値","全国","2023年2月","（再掲）15歳未満","","1,440","738","702"
"人口【万人】","総人口","概算値","全国","2023年2月","（再掲）15～64歳","","7,400","3,749","3,650"
"人口【万人】","総人口","概算値","全国","2023年2月","（再掲）65歳以上","","3,623","1,572","2,051"
"人口【万人】","総人口","概算値","全国","2023年2月","（再掲）うち75歳以上","","1,964","778","1,186"
"人口【万人】","総人口","概算値","全国","2023年2月","（再掲）うち85歳以上","","669","215","454"
"人口【万人】","総人口","概算値","全国","2023年3月","総数","","12,449","6,052","6,397"
"人口【万人】","総人口","概算値","全国","2023年3月","0～4歳","","418","214","204"
"人口【万人】","総人口","概算値","全国","2023年3月","5～9歳","","490","251","239"
"人口【万人】","総人口","概算値","全国","2023年3月","10～14歳","","528","270","257"
"人口【万人】","総人口","概算値","全国","2023年3月","15～19歳","","550","282","268"
"人口【万人】","総人口","概算値","全国","2023年3月","20～24歳","","620","318","301"
"人口【万人】","総人口","概算値","全国","2023年3月","25～29歳","","639","328","311"
"人口【万人】","総人口","概算値","全国","2023年3月","30～34歳","","640","327","312"
"人口【万人】","総人口","概算値","全国","2023年3月","35～39歳","","713","363","350"
"人口【万人】","総人口","概算値","全国","2023年3月","40～44歳","","786","399","388"
"人口【万人】","総人口","概算値","全国","2023年3月","45～49歳","","931","472","460"
"人口【万人】","総人口","概算値","全国","2023年3月","50～54歳","","952","480","472"
"人口【万人】","総人口","概算値","全国","2023年3月","55～59歳","","813","406","407"
"人口【万人】","総人口","概算値","全国","2023年3月","60～64歳","","747","370","377"
"人口【万人】","総人口","概算値","全国","2023年3月","65～69歳","","742","361","381"
"人口【万人】","総人口","概算値","全国","2023年3月","70～74歳","","909","429","480"
"人口【万人】","総人口","概算値","全国","2023年3月","75～79歳","","725","326","399"
"人口【万人】","総人口","概算値","全国","2023年3月","80～84歳","","575","240","336"
"人口【万人】","総人口","概算値","全国","2023年3月","85～89歳","","399","145","254"
"人口【万人】","総人口","概算値","全国","2023年3月","90～94歳","","204","58","146"
"人口【万人】","総人口","概算値","全国","2023年3月","95～99歳","","58","12","46"
"人口【万人】","総人口","概算値","全国","2023年3月","100歳以上","","9","1","8"
"人口【万人】","総人口","概算値","全国","2023年3月","（再掲）15歳未満","","1,437","736","701"
"人口【万人】","総人口","概算値","全国","2023年3月","（再掲）15～64歳","","7,391","3,745","3,646"
"人口【万人】","総人口","概算値","全国","2023年3月","（再掲）65歳以上","","3,621","1,571","2,050"
"人口【万人】","総人口","概算値","全国","2023年3月","（再掲）うち75歳以上","","1,970","781","1,189"
"人口【万人】","総人口","概算値","全国","2023年3月","（再掲）うち85歳以上","","670","216","455"
"人口【万人】","総人口","概算値","全国","2023年4月","総数","","12,447","6,051","6,395"
"人口【万人】","総人口","概算値","全国","2023年4月","0～4歳","","418","214","204"
"人口【万人】","総人口","概算値","全国","2023年4月","5～9歳","","490","251","239"
"人口【万人】","総人口","概算値","全国","2023年4月","10～14歳","","528","270","257"
"人口【万人】","総人口","概算値","全国","2023年4月","15～19歳","","550","282","267"
"人口【万人】","総人口","概算値","全国","2023年4月","20～24歳","","621","319","302"
"人口【万人】","総人口","概算値","全国","2023年4月","25～29歳","","641","329","312"
"人口【万人】","総人口","概算値","全国","2023年4月","30～34歳","","640","328","312"
"人口【万人】","総人口","概算値","全国","2023年4月","35～39歳","","712","362","350"
"人口【万人】","総人口","概算値","全国","2023年4月","40～44歳","","786","398","387"
"人口【万人】","総人口","概算値","全国","2023年4月","45～49歳","","928","470","458"
"人口【万人】","総人口","概算値","全国","2023年4月","50～54歳","","954","481","473"
"人口【万人】","総人口","概算値","全国","2023年4月","55～59歳","","814","407","407"
"人口【万人】","総人口","概算値","全国","2023年4月","60～64歳","","747","370","377"
"人口【万人】","総人口","概算値","全国","2023年4月","65～69歳","","740","360","380"
"人口【万人】","総人口","概算値","全国","2023年4月","70～74歳","","904","426","477"
"人口【万人】","総人口","概算値","全国","2023年4月","75～79歳","","728","327","401"
"人口【万人】","総人口","概算値","全国","2023年4月","80～84歳","","576","240","336"
"人口【万人】","総人口","概算値","全国","2023年4月","85～89歳","","399","145","254"
"人口【万人】","総人口","概算値","全国","2023年4月","90～94歳","","204","58","146"
"人口【万人】","総人口","概算値","全国","2023年4月","95～99歳","","59","12","47"
"人口【万人】","総人口","概算値","全国","2023年4月","100歳以上","","9","1","8"
"人口【万人】","総人口","概算値","全国","2023年4月","（再掲）15歳未満","","1,435","735","700"
"人口【万人】","総人口","概算値","全国","2023年4月","（再掲）15～64歳","","7,393","3,747","3,646"
"人口【万人】","総人口","概算値","全国","2023年4月","（再掲）65歳以上","","3,619","1,570","2,049"
"人口【万人】","総人口","概算値","全国","2023年4月","（再掲）うち75歳以上","","1,976","784","1,192"
"人口【万人】","総人口","概算値","全国","2023年4月","（再掲）うち85歳以上","","671","216","455"
"人口【万人】","総人口","概算値","全国","2023年5月","総数","","12,450","6,054","6,396"
"人口【万人】","総人口","概算値","全国","2023年5月","0～4歳","","417","213","203"
"人口【万人】","総人口","概算値","全国","2023年5月","5～9歳","","489","250","238"
"人口【万人】","総人口","概算値","全国","2023年5月","10～14歳","","527","270","257"
"人口【万人】","総人口","概算値","全国","2023年5月","15～19歳","","551","283","268"
"人口【万人】","総人口","概算値","全国","2023年5月","20～24歳","","625","321","303"
"人口【万人】","総人口","概算値","全国","2023年5月","25～29歳","","643","330","313"
"人口【万人】","総人口","概算値","全国","2023年5月","30～34歳","","640","328","312"
"人口【万人】","総人口","概算値","全国","2023年5月","35～39歳","","711","362","349"
"人口【万人】","総人口","概算値","全国","2023年5月","40～44歳","","784","398","387"
"人口【万人】","総人口","概算値","全国","2023年5月","45～49歳","","925","469","456"
"人口【万人】","総人口","概算値","全国","2023年5月","50～54歳","","955","482","473"
"人口【万人】","総人口","概算値","全国","2023年5月","55～59歳","","816","408","408"
"人口【万人】","総人口","概算値","全国","2023年5月","60～64歳","","748","370","378"
"人口【万人】","総人口","概算値","全国","2023年5月","65～69歳","","739","359","379"
"人口【万人】","総人口","概算値","全国","2023年5月","70～74歳","","900","425","475"
"人口【万人】","総人口","概算値","全国","2023年5月","75～79歳","","732","329","403"
"人口【万人】","総人口","概算値","全国","2023年5月","80～84歳","","578","241","337"
"人口【万人】","総人口","概算値","全国","2023年5月","85～89歳","","400","145","254"
"人口【万人】","総人口","概算値","全国","2023年5月","90～94歳","","204","58","146"
"人口【万人】","総人口","概算値","全国","2023年5月","95～99歳","","59","12","47"
"人口【万人】","総人口","概算値","全国","2023年5月","100歳以上","","9","1","8"
"人口【万人】","総人口","概算値","全国","2023年5月","（再掲）15歳未満","","1,432","734","699"
"人口【万人】","総人口","概算値","全国","2023年5月","（再掲）15～64歳","","7,397","3,750","3,647"
"人口【万人】","総人口","概算値","全国","2023年5月","（再掲）65歳以上","","3,621","1,571","2,050"
"人口【万人】","総人口","概算値","全国","2023年5月","（再掲）うち75歳以上","","1,982","787","1,195"
"人口【万人】","総人口","概算値","全国","2023年5月","（再掲）うち85歳以上","","672","216","456"
"人口【万人】","総人口","概算値","全国","2023年6月","総数","","12,452","6,055","6,397"
"人口【万人】","総人口","概算値","全国","2023年6月","0～4歳","","415","212","202"
"人口【万人】","総人口","概算値","全国","2023年6月","5～9歳","","489","250","238"
"人口【万人】","総人口","概算値","全国","2023年6月","10～14歳","","527","270","257"
"人口【万人】","総人口","概算値","全国","2023年6月","15～19歳","","552","283","269"
"人口【万人】","総人口","概算値","全国","2023年6月","20～24歳","","628","323","305"
"人口【万人】","総人口","概算値","全国","2023年6月","25～29歳","","644","331","313"
"人口【万人】","総人口","概算値","全国","2023年6月","30～34歳","","639","327","312"
"人口【万人】","総人口","概算値","全国","2023年6月","35～39歳","","709","361","348"
"人口【万人】","総人口","概算値","全国","2023年6月","40～44歳","","782","396","386"
"人口【万人】","総人口","概算値","全国","2023年6月","45～49歳","","923","467","455"
"人口【万人】","総人口","概算値","全国","2023年6月","50～54歳","","957","483","475"
"人口【万人】","総人口","概算値","全国","2023年6月","55～59歳","","818","409","409"
"人口【万人】","総人口","概算値","全国","2023年6月","60～64歳","","749","371","378"
"人口【万人】","総人口","概算値","全国","2023年6月","65～69歳","","738","359","379"
"人口【万人】","総人口","概算値","全国","2023年6月","70～74歳","","897","423","474"
"人口【万人】","総人口","概算値","全国","2023年6月","75～79歳","","736","331","405"
"人口【万人】","総人口","概算値","全国","2023年6月","80～84歳","","579","241","338"
"人口【万人】","総人口","概算値","全国","2023年6月","85～89歳","","400","145","254"
"人口【万人】","総人口","概算値","全国","2023年6月","90～94歳","","204","58","146"
"人口【万人】","総人口","概算値","全国","2023年6月","95～99歳","","59","12","47"
"人口【万人】","総人口","概算値","全国","2023年6月","100歳以上","","9","1","8"
"人口【万人】","総人口","概算値","全国","2023年6月","（再掲）15歳未満","","1,430","732","698"
"人口【万人】","総人口","概算値","全国","2023年6月","（再掲）15～64歳","","7,400","3,751","3,649"
"人口【万人】","総人口","概算値","全国","2023年6月","（再掲）65歳以上","","3,622","1,571","2,051"
"人口【万人】","総人口","概算値","全国","2023年6月","（再掲）うち75歳以上","","1,987","789","1,198"
"人口【万人】","総人口","概算値","全国","2023年6月","（再掲）うち85歳以上","","672","217","456"
"人口【万人】","総人口","概算値","全国","2023年7月","総数","","12,456","6,058","6,398"
"人口【万人】","総人口","概算値","全国","2023年7月","0～4歳","","413","212","202"
"人口【万人】","総人口","概算値","全国","2023年7月","5～9歳","","489","250","238"
"人口【万人】","総人口","概算値","全国","2023年7月","10～14歳","","527","270","257"
"人口【万人】","総人口","概算値","全国","2023年7月","15～19歳","","552","283","269"
"人口【万人】","総人口","概算値","全国","2023年7月","20～24歳","","628","323","305"
"人口【万人】","総人口","概算値","全国","2023年7月","25～29歳","","645","332","314"
"人口【万人】","総人口","概算値","全国","2023年7月","30～34歳","","640","328","312"
"人口【万人】","総人口","概算値","全国","2023年7月","35～39歳","","709","361","348"
"人口【万人】","総人口","概算値","全国","2023年7月","40～44歳","","781","396","385"
"人口【万人】","総人口","概算値","全国","2023年7月","45～49歳","","921","466","454"
"人口【万人】","総人口","概算値","全国","2023年7月","50～54歳","","960","484","476"
"人口【万人】","総人口","概算値","全国","2023年7月","55～59歳","","821","410","410"
"人口【万人】","総人口","概算値","全国","2023年7月","60～64歳","","749","371","378"
"人口【万人】","総人口","概算値","全国","2023年7月","65～69歳","","737","359","378"
"人口【万人】","総人口","概算値","全国","2023年7月","70～74歳","","893","421","472"
"人口【万人】","総人口","概算値","全国","2023年7月","75～79歳","","740","333","407"
"人口【万人】","総人口","概算値","全国","2023年7月","80～84歳","","581","242","339"
"人口【万人】","総人口","概算値","全国","2023年7月","85～89歳","","399","145","254"
"人口【万人】","総人口","概算値","全国","2023年7月","90～94歳","","204","58","146"
"人口【万人】","総人口","概算値","全国","2023年7月","95～99歳","","59","12","47"
"人口【万人】","総人口","概算値","全国","2023年7月","100歳以上","","9","1","8"
"人口【万人】","総人口","概算値","全国","2023年7月","（再掲）15歳未満","","1,429","732","697"
"人口【万人】","総人口","概算値","全国","2023年7月","（再掲）15～64歳","","7,405","3,754","3,651"
"人口【万人】","総人口","概算値","全国","2023年7月","（再掲）65歳以上","","3,622","1,572","2,051"
"人口【万人】","総人口","概算値","全国","2023年7月","（再掲）うち75歳以上","","1,992","791","1,201"
"人口【万人】","総人口","概算値","全国","2023年7月","（再掲）うち85歳以上","","672","216","455"
"人口【万人】","総人口","概算値","全国","2023年8月","総数","","12,454","6,058","6,397"
"人口【万人】","総人口","概算値","全国","2023年8月","0～4歳","","412","211","201"
"人口【万人】","総人口","概算値","全国","2023年8月","5～9歳","","487","250","238"
"人口【万人】","総人口","概算値","全国","2023年8月","10～14歳","","526","270","257"
"人口【万人】","総人口","概算値","全国","2023年8月","15～19歳","","552","283","269"
"人口【万人】","総人口","概算値","全国","2023年8月","20～24歳","","627","323","304"
"人口【万人】","総人口","概算値","全国","2023年8月","25～29歳","","647","333","314"
"人口【万人】","総人口","概算値","全国","2023年8月","30～34歳","","640","328","312"
"人口【万人】","総人口","概算値","全国","2023年8月","35～39歳","","707","360","347"
"人口【万人】","総人口","概算値","全国","2023年8月","40～44歳","","779","395","384"
"人口【万人】","総人口","概算値","全国","2023年8月","45～49歳","","918","465","453"
"人口【万人】","総人口","概算値","全国","2023年8月","50～54歳","","962","485","477"
"人口【万人】","総人口","概算値","全国","2023年8月","55～59歳","","824","412","412"
"人口【万人】","総人口","概算値","全国","2023年8月","60～64歳","","750","371","378"
"人口【万人】","総人口","概算値","全国","2023年8月","65～69歳","","736","358","378"
"人口【万人】","総人口","概算値","全国","2023年8月","70～74歳","","890","420","470"
"人口【万人】","総人口","概算値","全国","2023年8月","75～79歳","","743","334","408"
"人口【万人】","総人口","概算値","全国","2023年8月","80～84歳","","583","243","340"
"人口【万人】","総人口","概算値","全国","2023年8月","85～89歳","","399","145","254"
"人口【万人】","総人口","概算値","全国","2023年8月","90～94歳","","204","58","146"
"人口【万人】","総人口","概算値","全国","2023年8月","95～99歳","","60","12","47"
"人口【万人】","総人口","概算値","全国","2023年8月","100歳以上","","9","1","8"
"人口【万人】","総人口","概算値","全国","2023年8月","（再掲）15歳未満","","1,426","730","696"
"人口【万人】","総人口","概算値","全国","2023年8月","（再掲）15～64歳","","7,405","3,755","3,650"
"人口【万人】","総人口","概算値","全国","2023年8月","（再掲）65歳以上","","3,623","1,572","2,051"
"人口【万人】","総人口","概算値","全国","2023年8月","（再掲）うち75歳以上","","1,998","794","1,204"
"人口【万人】","総人口","概算値","全国","2023年8月","（再掲）うち85歳以上","","672","217","455"
"人口【万人】","総人口","概算値","全国","2023年9月","総数","","12,445","6,054","6,391"
"人口【万人】","総人口","概算値","全国","2023年9月","0～4歳","","411","210","201"
"人口【万人】","総人口","概算値","全国","2023年9月","5～9歳","","485","249","237"
"人口【万人】","総人口","概算値","全国","2023年9月","10～14歳","","525","269","256"
"人口【万人】","総人口","概算値","全国","2023年9月","15～19歳","","551","283","268"
"人口【万人】","総人口","概算値","全国","2023年9月","20～24歳","","626","323","303"
"人口【万人】","総人口","概算値","全国","2023年9月","25～29歳","","648","333","315"
"人口【万人】","総人口","概算値","全国","2023年9月","30～34歳","","639","328","311"
"人口【万人】","総人口","概算値","全国","2023年9月","35～39歳","","706","360","346"
"人口【万人】","総人口","概算値","全国","2023年9月","40～44歳","","778","394","383"
"人口【万人】","総人口","概算値","全国","2023年9月","45～49歳","","914","463","451"
"人口【万人】","総人口","概算値","全国","2023年9月","50～54歳","","963","486","477"
"人口【万人】","総人口","概算値","全国","2023年9月","55～59歳","","826","413","413"
"人口【万人】","総人口","概算値","全国","2023年9月","60～64歳","","750","372","379"
"人口【万人】","総人口","概算値","全国","2023年9月","65～69歳","","734","357","377"
"人口【万人】","総人口","概算値","全国","2023年9月","70～74歳","","886","418","468"
"人口【万人】","総人口","概算値","全国","2023年9月","75～79歳","","745","336","410"
"人口【万人】","総人口","概算値","全国","2023年9月","80～84歳","","586","244","342"
"人口【万人】","総人口","概算値","全国","2023年9月","85～89歳","","398","145","253"
"人口【万人】","総人口","概算値","全国","2023年9月","90～94歳","","204","58","146"
"人口【万人】","総人口","概算値","全国","2023年9月","95～99歳","","60","12","48"
"人口【万人】","総人口","概算値","全国","2023年9月","100歳以上","","9","1","8"
"人口【万人】","総人口","概算値","全国","2023年9月","（再掲）15歳未満","","1,422","728","694"
"人口【万人】","総人口","概算値","全国","2023年9月","（再掲）15～64歳","","7,400","3,754","3,646"
"人口【万人】","総人口","概算値","全国","2023年9月","（再掲）65歳以上","","3,623","1,572","2,051"
"人口【万人】","総人口","概算値","全国","2023年9月","（再掲）うち75歳以上","","2,002","796","1,206"
"人口【万人】","総人口","概算値","全国","2023年9月","（再掲）うち85歳以上","","671","216","455"
"人口【万人】","総人口","概算値","全国","2023年10月","総数","","12,434","6,049","6,386"
"人口【万人】","総人口","概算値","全国","2023年10月","0～4歳","","410","210","200"
"人口【万人】","総人口","概算値","全国","2023年10月","5～9歳","","484","248","236"
"人口【万人】","総人口","概算値","全国","2023年10月","10～14歳","","525","269","256"
"人口【万人】","総人口","概算値","全国","2023年10月","15～19歳","","551","283","268"
"人口【万人】","総人口","概算値","全国","2023年10月","20～24歳","","624","322","302"
"人口【万人】","総人口","概算値","全国","2023年10月","25～29歳","","647","333","314"
"人口【万人】","総人口","概算値","全国","2023年10月","30～34歳","","637","326","310"
"人口【万人】","総人口","概算値","全国","2023年10月","35～39歳","","704","359","345"
"人口【万人】","総人口","概算値","全国","2023年10月","40～44歳","","776","394","383"
"人口【万人】","総人口","概算値","全国","2023年10月","45～49歳","","911","462","449"
"人口【万人】","総人口","概算値","全国","2023年10月","50～54歳","","965","487","478"
"人口【万人】","総人口","概算値","全国","2023年10月","55～59歳","","828","414","414"
"人口【万人】","総人口","概算値","全国","2023年10月","60～64歳","","751","372","379"
"人口【万人】","総人口","概算値","全国","2023年10月","65～69歳","","733","357","376"
"人口【万人】","総人口","概算値","全国","2023年10月","70～74歳","","882","416","466"
"人口【万人】","総人口","概算値","全国","2023年10月","75～79歳","","748","337","411"
"人口【万人】","総人口","概算値","全国","2023年10月","80～84歳","","590","246","344"
"人口【万人】","総人口","概算値","全国","2023年10月","85～89歳","","398","145","253"
"人口【万人】","総人口","概算値","全国","2023年10月","90～94歳","","204","58","146"
"人口【万人】","総人口","概算値","全国","2023年10月","95～99歳","","60","12","48"
"人口【万人】","総人口","概算値","全国","2023年10月","100歳以上","","9","1","8"
"人口【万人】","総人口","概算値","全国","2023年10月","（再掲）15歳未満","","1,419","727","692"
"人口【万人】","総人口","概算値","全国","2023年10月","（再掲）15～64歳","","7,393","3,750","3,643"
"人口【万人】","総人口","概算値","全国","2023年10月","（再掲）65歳以上","","3,622","1,571","2,051"
"人口【万人】","総人口","概算値","全国","2023年10月","（再掲）うち75歳以上","","2,008","799","1,209"
"人口【万人】","総人口","概算値","全国","2023年10月","（再掲）うち85歳以上","","670","216","454"
"人口【万人】","総人口","概算値","全国","2023年11月","総数","","12,431","6,047","6,384"
"人口【万人】","総人口","概算値","全国","2023年11月","0～4歳","","409","209","200"
"人口【万人】","総人口","概算値","全国","2023年11月","5～9歳","","483","247","235"
"人口【万人】","総人口","概算値","全国","2023年11月","10～14歳","","524","269","256"
"人口【万人】","総人口","概算値","全国","2023年11月","15～19歳","","551","283","268"
"人口【万人】","総人口","概算値","全国","2023年11月","20～24歳","","622","321","302"
"人口【万人】","総人口","概算値","全国","2023年11月","25～29歳","","648","333","315"
"人口【万人】","総人口","概算値","全国","2023年11月","30～34歳","","636","326","310"
"人口【万人】","総人口","概算値","全国","2023年11月","35～39歳","","704","359","345"
"人口【万人】","総人口","概算値","全国","2023年11月","40～44歳","","775","393","382"
"人口【万人】","総人口","概算値","全国","2023年11月","45～49歳","","909","460","448"
"人口【万人】","総人口","概算値","全国","2023年11月","50～54歳","","967","488","479"
"人口【万人】","総人口","概算値","全国","2023年11月","55～59歳","","830","415","415"
"人口【万人】","総人口","概算値","全国","2023年11月","60～64歳","","751","372","379"
"人口【万人】","総人口","概算値","全国","2023年11月","65～69歳","","733","357","376"
"人口【万人】","総人口","概算値","全国","2023年11月","70～74歳","","876","413","463"
"人口【万人】","総人口","概算値","全国","2023年11月","75～79歳","","750","338","412"
"人口【万人】","総人口","概算値","全国","2023年11月","80～84歳","","593","247","346"
"人口【万人】","総人口","概算値","全国","2023年11月","85～89歳","","397","144","252"
"人口【万人】","総人口","概算値","全国","2023年11月","90～94歳","","205","59","146"
"人口【万人】","総人口","概算値","全国","2023年11月","95～99歳","","60","12","48"
"人口【万人】","総人口","概算値","全国","2023年11月","100歳以上","","9","1","8"
"人口【万人】","総人口","概算値","全国","2023年11月","（再掲）15歳未満","","1,416","725","691"
"人口【万人】","総人口","概算値","全国","2023年11月","（再掲）15～64歳","","7,392","3,750","3,642"
"人口【万人】","総人口","概算値","全国","2023年11月","（再掲）65歳以上","","3,623","1,572","2,051"
"人口【万人】","総人口","概算値","全国","2023年11月","（再掲）うち75歳以上","","2,014","801","1,212"
"人口【万人】","総人口","概算値","全国","2023年11月","（再掲）うち85歳以上","","671","216","455"
"人口【万人】","総人口","概算値","全国","2023年12月","総数","","12,424","6,043","6,381"
"人口【万人】","総人口","概算値","全国","2023年12月","0～4歳","","407","208","199"
"人口【万人】","総人口","概算値","全国","2023年12月","5～9歳","","482","247","235"
"人口【万人】","総人口","概算値","全国","2023年12月","10～14歳","","524","269","256"
"人口【万人】","総人口","概算値","全国","2023年12月","15～19歳","","551","283","268"
"人口【万人】","総人口","概算値","全国","2023年12月","20～24歳","","622","320","302"
"人口【万人】","総人口","概算値","全国","2023年12月","25～29歳","","648","333","315"
"人口【万人】","総人口","概算値","全国","2023年12月","30～34歳","","635","326","309"
"人口【万人】","総人口","概算値","全国","2023年12月","35～39歳","","703","358","344"
"人口【万人】","総人口","概算値","全国","2023年12月","40～44歳","","774","392","381"
"人口【万人】","総人口","概算値","全国","2023年12月","45～49歳","","906","459","447"
"人口【万人】","総人口","概算値","全国","2023年12月","50～54歳","","968","489","480"
"人口【万人】","総人口","概算値","全国","2023年12月","55～59歳","","832","416","416"
"人口【万人】","総人口","概算値","全国","2023年12月","60～64歳","","750","372","379"
"人口【万人】","総人口","概算値","全国","2023年12月","65～69歳","","733","357","376"
"人口【万人】","総人口","概算値","全国","2023年12月","70～74歳","","870","411","460"
"人口【万人】","総人口","概算値","全国","2023年12月","75～79歳","","753","339","414"
"人口【万人】","総人口","概算値","全国","2023年12月","80～84歳","","595","248","347"
"人口【万人】","総人口","概算値","全国","2023年12月","85～89歳","","396","144","252"
"人口【万人】","総人口","概算値","全国","2023年12月","90～94歳","","205","59","146"
"人口【万人】","総人口","概算値","全国","2023年12月","95～99歳","","61","12","48"
"人口【万人】","総人口","概算値","全国","2023年12月","100歳以上","","9","1","8"
"人口【万人】","総人口","概算値","全国","2023年12月","（再掲）15歳未満","","1,413","724","689"
"人口【万人】","総人口","概算値","全国","2023年12月","（再掲）15～64歳","","7,388","3,748","3,640"
"人口【万人】","総人口","概算値","全国","2023年12月","（再掲）65歳以上","","3,623","1,572","2,051"
"人口【万人】","総人口","概算値","全国","2023年12月","（再掲）うち75歳以上","","2,019","804","1,215"
"人口【万人】","総人口","概算値","全国","2023年12月","（再掲）うち85歳以上","","671","216","454"
"人口【万人】","総人口","概算値","全国","2024年1月","総数","","12,409","6,036","6,373"
"人口【万人】","総人口","概算値","全国","2024年1月","0～4歳","","405","208","198"
"人口【万人】","総人口","概算値","全国","2024年1月","5～9歳","","481","246","234"
"人口【万人】","総人口","概算値","全国","2024年1月","10～14歳","","523","268","255"
"人口【万人】","総人口","概算値","全国","2024年1月","15～19歳","","551","283","268"
"人口【万人】","総人口","概算値","全国","2024年1月","20～24歳","","621","320","301"
"人口【万人】","総人口","概算値","全国","2024年1月","25～29歳","","647","332","314"
"人口【万人】","総人口","概算値","全国","2024年1月","30～34歳","","633","325","308"
"人口【万人】","総人口","概算値","全国","2024年1月","35～39歳","","700","357","343"
"人口【万人】","総人口","概算値","全国","2024年1月","40～44歳","","772","391","380"
"人口【万人】","総人口","概算値","全国","2024年1月","45～49歳","","903","457","445"
"人口【万人】","総人口","概算値","全国","2024年1月","50～54歳","","970","489","480"
"人口【万人】","総人口","概算値","全国","2024年1月","55～59歳","","835","418","417"
"人口【万人】","総人口","概算値","全国","2024年1月","60～64歳","","750","372","379"
"人口【万人】","総人口","概算値","全国","2024年1月","65～69歳","","733","357","376"
"人口【万人】","総人口","概算値","全国","2024年1月","70～74歳","","867","409","458"
"人口【万人】","総人口","概算値","全国","2024年1月","75～79歳","","755","340","414"
"人口【万人】","総人口","概算値","全国","2024年1月","80～84歳","","596","248","348"
"人口【万人】","総人口","概算値","全国","2024年1月","85～89歳","","395","144","251"
"人口【万人】","総人口","概算値","全国","2024年1月","90～94歳","","205","59","146"
"人口【万人】","総人口","概算値","全国","2024年1月","95～99歳","","60","12","48"
"人口【万人】","総人口","概算値","全国","2024年1月","100歳以上","","9","1","8"
"人口【万人】","総人口","概算値","全国","2024年1月","（再掲）15歳未満","","1,409","722","687"
"人口【万人】","総人口","概算値","全国","2024年1月","（再掲）15～64歳","","7,380","3,744","3,636"
"人口【万人】","総人口","概算値","全国","2024年1月","（再掲）65歳以上","","3,620","1,570","2,050"
"人口【万人】","総人口","概算値","全国","2024年1月","（再掲）うち75歳以上","","2,020","804","1,215"
"人口【万人】","総人口","概算値","全国","2024年1月","（再掲）うち85歳以上","","669","216","453"
"人口【万人】","総人口","概算値","全国","2024年2月","総数","","12,399","6,031","6,368"
"人口【万人】","総人口","概算値","全国","2024年2月","0～4歳","","404","207","197"
"人口【万人】","総人口","概算値","全国","2024年2月","5～9歳","","480","246","234"
"人口【万人】","総人口","概算値","全国","2024年2月","10～14歳","","523","268","255"
"人口【万人】","総人口","概算値","全国","2024年2月","15～19歳","","551","282","268"
"人口【万人】","総人口","概算値","全国","2024年2月","20～24歳","","618","318","300"
"人口【万人】","総人口","概算値","全国","2024年2月","25～29歳","","647","332","314"
"人口【万人】","総人口","概算値","全国","2024年2月","30～34歳","","634","325","308"
"人口【万人】","総人口","概算値","全国","2024年2月","35～39歳","","699","357","343"
"人口【万人】","総人口","概算値","全国","2024年2月","40～44歳","","771","391","380"
"人口【万人】","総人口","概算値","全国","2024年2月","45～49歳","","899","456","443"
"人口【万人】","総人口","概算値","全国","2024年2月","50～54歳","","969","489","480"
"人口【万人】","総人口","概算値","全国","2024年2月","55～59歳","","836","418","417"
"人口【万人】","総人口","概算値","全国","2024年2月","60～64歳","","749","371","378"
"人口【万人】","総人口","概算値","全国","2024年2月","65～69歳","","731","356","375"
"人口【万人】","総人口","概算値","全国","2024年2月","70～74歳","","859","405","454"
"人口【万人】","総人口","概算値","全国","2024年2月","75～79歳","","760","343","417"
"人口【万人】","総人口","概算値","全国","2024年2月","80～84歳","","598","249","349"
"人口【万人】","総人口","概算値","全国","2024年2月","85～89歳","","396","144","251"
"人口【万人】","総人口","概算値","全国","2024年2月","90～94歳","","206","59","147"
"人口【万人】","総人口","概算値","全国","2024年2月","95～99歳","","61","13","49"
"人口【万人】","総人口","概算値","全国","2024年2月","100歳以上","","9","1","8"
"人口【万人】","総人口","概算値","全国","2024年2月","（再掲）15歳未満","","1,406","720","686"
"人口【万人】","総人口","概算値","全国","2024年2月","（再掲）15～64歳","","7,373","3,740","3,632"
"人口【万人】","総人口","概算値","全国","2024年2月","（再掲）65歳以上","","3,620","1,570","2,050"
"人口【万人】","総人口","概算値","全国","2024年2月","（再掲）うち75歳以上","","2,030","809","1,221"
"人口【万人】","総人口","概算値","全国","2024年2月","（再掲）うち85歳以上","","672","217","455"
"人口【万人】","総人口","概算値","全国","2024年3月","総数","","12,397","6,031","6,366"
"人口【万人】","総人口","概算値","全国","2024年3月","0～4歳","","403","206","196"
"人口【万人】","総人口","概算値","全国","2024年3月","5～9歳","","479","245","234"
"人口【万人】","総人口","概算値","全国","2024年3月","10～14歳","","522","267","255"
"人口【万人】","総人口","概算値","全国","2024年3月","15～19歳","","549","281","267"
"人口【万人】","総人口","概算値","全国","2024年3月","20～24歳","","620","319","300"
"人口【万人】","総人口","概算値","全国","2024年3月","25～29歳","","648","333","315"
"人口【万人】","総人口","概算値","全国","2024年3月","30～34歳","","635","326","309"
"人口【万人】","総人口","概算値","全国","2024年3月","35～39歳","","698","356","342"
"人口【万人】","総人口","概算値","全国","2024年3月","40～44歳","","770","391","379"
"人口【万人】","総人口","概算値","全国","2024年3月","45～49歳","","896","454","442"
"人口【万人】","総人口","概算値","全国","2024年3月","50～54歳","","970","490","480"
"人口【万人】","総人口","概算値","全国","2024年3月","55～59歳","","837","419","418"
"人口【万人】","総人口","概算値","全国","2024年3月","60～64歳","","749","371","378"
"人口【万人】","総人口","概算値","全国","2024年3月","65～69歳","","730","355","374"
"人口【万人】","総人口","概算値","全国","2024年3月","70～74歳","","854","403","451"
"人口【万人】","総人口","概算値","全国","2024年3月","75～79歳","","763","344","418"
"人口【万人】","総人口","概算値","全国","2024年3月","80～84歳","","602","251","351"
"人口【万人】","総人口","概算値","全国","2024年3月","85～89歳","","396","145","252"
"人口【万人】","総人口","概算値","全国","2024年3月","90～94歳","","207","59","147"
"人口【万人】","総人口","概算値","全国","2024年3月","95～99歳","","62","13","49"
"人口【万人】","総人口","概算値","全国","2024年3月","100歳以上","","9","1","8"
"人口【万人】","総人口","概算値","全国","2024年3月","（再掲）15歳未満","","1,403","719","684"
"人口【万人】","総人口","概算値","全国","2024年3月","（再掲）15～64歳","","7,371","3,741","3,630"
"人口【万人】","総人口","概算値","全国","2024年3月","（再掲）65歳以上","","3,623","1,571","2,051"
"人口【万人】","総人口","概算値","全国","2024年3月","（再掲）うち75歳以上","","2,039","813","1,226"
"人口【万人】","総人口","概算値","全国","2024年3月","（再掲）うち85歳以上","","674","218","456"
"人口【万人】","総人口","概算値","全国","2024年4月","総数","","12,400","6,033","6,368"
"人口【万人】","総人口","概算値","全国","2024年4月","0～4歳","","402","206","196"
"人口【万人】","総人口","概算値","全国","2024年4月","5～9歳","","478","245","233"
"人口【万人】","総人口","概算値","全国","2024年4月","10～14歳","","521","267","254"
"人口【万人】","総人口","概算値","全国","2024年4月","15～19歳","","548","281","267"
"人口【万人】","総人口","概算値","全国","2024年4月","20～24歳","","623","321","302"
"人口【万人】","総人口","概算値","全国","2024年4月","25～29歳","","650","335","316"
"人口【万人】","総人口","概算値","全国","2024年4月","30～34歳","","636","326","309"
"人口【万人】","総人口","概算値","全国","2024年4月","35～39歳","","697","355","341"
"人口【万人】","総人口","概算値","全国","2024年4月","40～44歳","","769","390","379"
"人口【万人】","総人口","概算値","全国","2024年4月","45～49歳","","893","453","440"
"人口【万人】","総人口","概算値","全国","2024年4月","50～54歳","","970","490","481"
"人口【万人】","総人口","概算値","全国","2024年4月","55～59歳","","838","420","419"
"人口【万人】","総人口","概算値","全国","2024年4月","60～64歳","","749","371","378"
"人口【万人】","総人口","概算値","全国","2024年4月","65～69歳","","729","355","374"
"人口【万人】","総人口","概算値","全国","2024年4月","70～74歳","","849","401","448"
"人口【万人】","総人口","概算値","全国","2024年4月","75～79歳","","766","346","420"
"人口【万人】","総人口","概算値","全国","2024年4月","80～84歳","","605","252","352"
"人口【万人】","総人口","概算値","全国","2024年4月","85～89歳","","396","145","251"
"人口【万人】","総人口","概算値","全国","2024年4月","90～94歳","","208","60","148"
"人口【万人】","総人口","概算値","全国","2024年4月","95～99歳","","63","13","50"
"人口【万人】","総人口","概算値","全国","2024年4月","100歳以上","","9","1","8"
"人口【万人】","総人口","概算値","全国","2024年4月","（再掲）15歳未満","","1,401","718","683"
"人口【万人】","総人口","概算値","全国","2024年4月","（再掲）15～64歳","","7,374","3,742","3,632"
"人口【万人】","総人口","概算値","全国","2024年4月","（再掲）65歳以上","","3,625","1,573","2,053"
"人口【万人】","総人口","概算値","全国","2024年4月","（再掲）うち75歳以上","","2,047","817","1,230"
"人口【万人】","総人口","概算値","全国","2024年4月","（再掲）うち85歳以上","","677","219","458"
"人口【万人】","総人口","概算値","全国","2024年5月","総数","","12,393","6,029","6,364"
"人口【万人】","総人口","概算値","全国","2024年5月","0～4歳","","401","205","196"
"人口【万人】","総人口","概算値","全国","2024年5月","5～9歳","","477","244","233"
"人口【万人】","総人口","概算値","全国","2024年5月","10～14歳","","520","267","254"
"人口【万人】","総人口","概算値","全国","2024年5月","15～19歳","","548","281","267"
"人口【万人】","総人口","概算値","全国","2024年5月","20～24歳","","624","322","302"
"人口【万人】","総人口","概算値","全国","2024年5月","25～29歳","","649","334","315"
"人口【万人】","総人口","概算値","全国","2024年5月","30～34歳","","635","326","309"
"人口【万人】","総人口","概算値","全国","2024年5月","35～39歳","","695","354","340"
"人口【万人】","総人口","概算値","全国","2024年5月","40～44歳","","768","389","378"
"人口【万人】","総人口","概算値","全国","2024年5月","45～49歳","","889","451","438"
"人口【万人】","総人口","概算値","全国","2024年5月","50～54歳","","970","490","480"
"人口【万人】","総人口","概算値","全国","2024年5月","55～59歳","","840","421","420"
"人口【万人】","総人口","概算値","全国","2024年5月","60～64歳","","750","372","378"
"人口【万人】","総人口","概算値","全国","2024年5月","65～69歳","","730","355","374"
"人口【万人】","総人口","概算値","全国","2024年5月","70～74歳","","844","398","445"
"人口【万人】","総人口","概算値","全国","2024年5月","75～79歳","","769","347","421"
"人口【万人】","総人口","概算値","全国","2024年5月","80～84歳","","608","253","354"
"人口【万人】","総人口","概算値","全国","2024年5月","85～89歳","","395","144","251"
"人口【万人】","総人口","概算値","全国","2024年5月","90～94歳","","208","60","148"
"人口【万人】","総人口","概算値","全国","2024年5月","95～99歳","","63","13","50"
"人口【万人】","総人口","概算値","全国","2024年5月","100歳以上","","9","1","8"
"人口【万人】","総人口","概算値","全国","2024年5月","（再掲）15歳未満","","1,398","716","682"
"人口【万人】","総人口","概算値","全国","2024年5月","（再掲）15～64歳","","7,369","3,740","3,629"
"人口【万人】","総人口","概算値","全国","2024年5月","（再掲）65歳以上","","3,626","1,573","2,053"
"人口【万人】","総人口","概算値","全国","2024年5月","（再掲）うち75歳以上","","2,053","819","1,233"
"人口【万人】","総人口","概算値","全国","2024年5月","（再掲）うち85歳以上","","676","219","458"
"人口【万人】","総人口","概算値","全国","2024年6月","総数","","12,389","6,027","6,362"
"人口【万人】","総人口","概算値","全国","2024年6月","0～4歳","","399","204","195"
"人口【万人】","総人口","概算値","全国","2024年6月","5～9歳","","476","244","232"
"人口【万人】","総人口","概算値","全国","2024年6月","10～14歳","","520","266","253"
"人口【万人】","総人口","概算値","全国","2024年6月","15～19歳","","548","281","267"
"人口【万人】","総人口","概算値","全国","2024年6月","20～24歳","","624","322","302"
"人口【万人】","総人口","概算値","全国","2024年6月","25～29歳","","650","335","316"
"人口【万人】","総人口","概算値","全国","2024年6月","30～34歳","","636","327","309"
"人口【万人】","総人口","概算値","全国","2024年6月","35～39歳","","693","354","340"
"人口【万人】","総人口","概算値","全国","2024年6月","40～44歳","","766","389","378"
"人口【万人】","総人口","概算値","全国","2024年6月","45～49歳","","886","449","437"
"人口【万人】","総人口","概算値","全国","2024年6月","50～54歳","","971","490","481"
"人口【万人】","総人口","概算値","全国","2024年6月","55～59歳","","842","422","421"
"人口【万人】","総人口","概算値","全国","2024年6月","60～64歳","","751","372","379"
"人口【万人】","総人口","概算値","全国","2024年6月","65～69歳","","730","356","375"
"人口【万人】","総人口","概算値","全国","2024年6月","70～74歳","","838","396","443"
"人口【万人】","総人口","概算値","全国","2024年6月","75～79歳","","772","349","423"
"人口【万人】","総人口","概算値","全国","2024年6月","80～84歳","","610","254","356"
"人口【万人】","総人口","概算値","全国","2024年6月","85～89歳","","395","144","251"
"人口【万人】","総人口","概算値","全国","2024年6月","90～94歳","","208","60","148"
"人口【万人】","総人口","概算値","全国","2024年6月","95～99歳","","64","13","50"
"人口【万人】","総人口","概算値","全国","2024年6月","100歳以上","","9","1","8"
"人口【万人】","総人口","概算値","全国","2024年6月","（再掲）15歳未満","","1,395","714","680"
"人口【万人】","総人口","概算値","全国","2024年6月","（再掲）15～64歳","","7,368","3,740","3,628"
"人口【万人】","総人口","概算値","全国","2024年6月","（再掲）65歳以上","","3,626","1,573","2,053"
"人口【万人】","総人口","概算値","全国","2024年6月","（再掲）うち75歳以上","","2,058","821","1,236"
"人口【万人】","総人口","概算値","全国","2024年6月","（再掲）うち85歳以上","","676","218","457"
"人口【万人】","総人口","概算値","全国","2024年7月","総数","","12,396","6,030","6,366"
"人口【万人】","総人口","概算値","全国","2024年7月","0～4歳","","398","204","194"
"人口【万人】","総人口","概算値","全国","2024年7月","5～9歳","","476","244","232"
"人口【万人】","総人口","概算値","全国","2024年7月","10～14歳","","520","267","254"
"人口【万人】","総人口","概算値","全国","2024年7月","15～19歳","","549","281","267"
"人口【万人】","総人口","概算値","全国","2024年7月","20～24歳","","626","323","303"
"人口【万人】","総人口","概算値","全国","2024年7月","25～29歳","","652","336","316"
"人口【万人】","総人口","概算値","全国","2024年7月","30～34歳","","638","328","310"
"人口【万人】","総人口","概算値","全国","2024年7月","35～39歳","","693","354","339"
"人口【万人】","総人口","概算値","全国","2024年7月","40～44歳","","766","388","378"
"人口【万人】","総人口","概算値","全国","2024年7月","45～49歳","","884","448","436"
"人口【万人】","総人口","概算値","全国","2024年7月","50～54歳","","973","491","482"
"人口【万人】","総人口","概算値","全国","2024年7月","55～59歳","","844","423","422"
"人口【万人】","総人口","概算値","全国","2024年7月","60～64歳","","752","373","379"
"人口【万人】","総人口","概算値","全国","2024年7月","65～69歳","","730","355","374"
"人口【万人】","総人口","概算値","全国","2024年7月","70～74歳","","834","394","440"
"人口【万人】","総人口","概算値","全国","2024年7月","75～79歳","","775","351","425"
"人口【万人】","総人口","概算値","全国","2024年7月","80～84歳","","611","255","357"
"人口【万人】","総人口","概算値","全国","2024年7月","85～89歳","","394","144","250"
"人口【万人】","総人口","概算値","全国","2024年7月","90～94歳","","208","60","148"
"人口【万人】","総人口","概算値","全国","2024年7月","95～99歳","","64","13","50"
"人口【万人】","総人口","概算値","全国","2024年7月","100歳以上","","9","1","8"
"人口【万人】","総人口","概算値","全国","2024年7月","（再掲）15歳未満","","1,395","714","680"
"人口【万人】","総人口","概算値","全国","2024年7月","（再掲）15～64歳","","7,376","3,744","3,633"
"人口【万人】","総人口","概算値","全国","2024年7月","（再掲）65歳以上","","3,626","1,573","2,053"
"人口【万人】","総人口","概算値","全国","2024年7月","（再掲）うち75歳以上","","2,062","823","1,239"
"人口【万人】","総人口","概算値","全国","2024年7月","（再掲）うち85歳以上","","675","218","457"
"人口【万人】","総人口","概算値","全国","2024年8月","総数","","12,385","6,025","6,359"
"人口【万人】","総人口","概算値","全国","2024年8月","0～4歳","","397","203","193"
"人口【万人】","総人口","概算値","全国","2024年8月","5～9歳","","474","243","231"
"人口【万人】","総人口","概算値","全国","2024年8月","10～14歳","","519","266","253"
"人口【万人】","総人口","概算値","全国","2024年8月","15～19歳","","548","281","267"
"人口【万人】","総人口","概算値","全国","2024年8月","20～24歳","","624","322","302"
"人口【万人】","総人口","概算値","全国","2024年8月","25～29歳","","650","335","316"
"人口【万人】","総人口","概算値","全国","2024年8月","30～34歳","","637","328","310"
"人口【万人】","総人口","概算値","全国","2024年8月","35～39歳","","690","352","338"
"人口【万人】","総人口","概算値","全国","2024年8月","40～44歳","","764","388","377"
"人口【万人】","総人口","概算値","全国","2024年8月","45～49歳","","881","446","434"
"人口【万人】","総人口","概算値","全国","2024年8月","50～54歳","","975","492","483"
"人口【万人】","総人口","概算値","全国","2024年8月","55～59歳","","846","424","423"
"人口【万人】","総人口","概算値","全国","2024年8月","60～64歳","","754","374","380"
"人口【万人】","総人口","概算値","全国","2024年8月","65～69歳","","729","355","374"
"人口【万人】","総人口","概算値","全国","2024年8月","70～74歳","","829","392","438"
"人口【万人】","総人口","概算値","全国","2024年8月","75～79歳","","780","353","427"
"人口【万人】","総人口","概算値","全国","2024年8月","80～84歳","","612","255","357"
"人口【万人】","総人口","概算値","全国","2024年8月","85～89歳","","394","144","250"
"人口【万人】","総人口","概算値","全国","2024年8月","90～94歳","","209","60","149"
"人口【万人】","総人口","概算値","全国","2024年8月","95～99歳","","64","13","51"
"人口【万人】","総人口","概算値","全国","2024年8月","100歳以上","","9","1","8"
"人口【万人】","総人口","概算値","全国","2024年8月","（再掲）15歳未満","","1,390","712","678"
"人口【万人】","総人口","概算値","全国","2024年8月","（再掲）15～64歳","","7,369","3,741","3,628"
"人口【万人】","総人口","概算値","全国","2024年8月","（再掲）65歳以上","","3,626","1,573","2,053"
"人口【万人】","総人口","概算値","全国","2024年8月","（再掲）うち75歳以上","","2,068","826","1,242"
"人口【万人】","総人口","概算値","全国","2024年8月","（再掲）うち85歳以上","","675","218","457"
"人口【万人】","総人口","概算値","全国","2024年9月","総数","","12,378","6,022","6,355"
"人口【万人】","総人口","概算値","全国","2024年9月","0～4歳","","395","202","193"
"人口【万人】","総人口","概算値","全国","2024年9月","5～9歳","","472","242","230"
"人口【万人】","総人口","概算値","全国","2024年9月","10～14歳","","518","266","253"
"人口【万人】","総人口","概算値","全国","2024年9月","15～19歳","","547","281","266"
"人口【万人】","総人口","概算値","全国","2024年9月","20～24歳","","621","321","301"
"人口【万人】","総人口","概算値","全国","2024年9月","25～29歳","","650","335","316"
"人口【万人】","総人口","概算値","全国","2024年9月","30～34歳","","638","328","310"
"人口【万人】","総人口","概算値","全国","2024年9月","35～39歳","","688","352","337"
"人口【万人】","総人口","概算値","全国","2024年9月","40～44歳","","764","387","376"
"人口【万人】","総人口","概算値","全国","2024年9月","45～49歳","","877","445","433"
"人口【万人】","総人口","概算値","全国","2024年9月","50～54歳","","977","493","484"
"人口【万人】","総人口","概算値","全国","2024年9月","55～59歳","","848","424","423"
"人口【万人】","総人口","概算値","全国","2024年9月","60～64歳","","755","374","381"
"人口【万人】","総人口","概算値","全国","2024年9月","65～69歳","","728","354","373"
"人口【万人】","総人口","概算値","全国","2024年9月","70～74歳","","825","389","435"
"人口【万人】","総人口","概算値","全国","2024年9月","75～79歳","","784","355","430"
"人口【万人】","総人口","概算値","全国","2024年9月","80～84歳","","613","255","358"
"人口【万人】","総人口","概算値","全国","2024年9月","85～89歳","","394","144","250"
"人口【万人】","総人口","概算値","全国","2024年9月","90～94歳","","209","60","149"
"人口【万人】","総人口","概算値","全国","2024年9月","95～99歳","","64","13","50"
"人口【万人】","総人口","概算値","全国","2024年9月","100歳以上","","9","1","8"
"人口【万人】","総人口","概算値","全国","2024年9月","（再掲）15歳未満","","1,386","710","676"
"人口【万人】","総人口","概算値","全国","2024年9月","（再掲）15～64歳","","7,366","3,740","3,626"
"人口【万人】","総人口","概算値","全国","2024年9月","（再掲）65歳以上","","3,625","1,572","2,053"
"人口【万人】","総人口","概算値","全国","2024年9月","（再掲）うち75歳以上","","2,073","828","1,245"
"人口【万人】","総人口","概算値","全国","2024年9月","（再掲）うち85歳以上","","675","218","457"
"人口【万人】","総人口","概算値","全国","2024年10月","総数","","12,379","6,024","6,356"
"人口【万人】","総人口","概算値","全国","2024年10月","0～4歳","","394","202","192"
"人口【万人】","総人口","概算値","全国","2024年10月","5～9歳","","471","241","230"
"人口【万人】","総人口","概算値","全国","2024年10月","10～14歳","","518","266","253"
"人口【万人】","総人口","概算値","全国","2024年10月","15～19歳","","547","281","266"
"人口【万人】","総人口","概算値","全国","2024年10月","20～24歳","","625","323","302"
"人口【万人】","総人口","概算値","全国","2024年10月","25～29歳","","652","336","316"
"人口【万人】","総人口","概算値","全国","2024年10月","30～34歳","","639","329","310"
"人口【万人】","総人口","概算値","全国","2024年10月","35～39歳","","687","351","336"
"人口【万人】","総人口","概算値","全国","2024年10月","40～44歳","","763","387","376"
"人口【万人】","総人口","概算値","全国","2024年10月","45～49歳","","874","443","431"
"人口【万人】","総人口","概算値","全国","2024年10月","50～54歳","","979","494","484"
"人口【万人】","総人口","概算値","全国","2024年10月","55～59歳","","849","425","424"
"人口【万人】","総人口","概算値","全国","2024年10月","60～64歳","","757","375","382"
"人口【万人】","総人口","概算値","全国","2024年10月","65～69歳","","727","354","373"
"人口【万人】","総人口","概算値","全国","2024年10月","70～74歳","","819","387","432"
"人口【万人】","総人口","概算値","全国","2024年10月","75～79歳","","789","357","432"
"人口【万人】","総人口","概算値","全国","2024年10月","80～84歳","","614","255","359"
"人口【万人】","総人口","概算値","全国","2024年10月","85～89歳","","394","144","250"
"人口【万人】","総人口","概算値","全国","2024年10月","90～94歳","","209","60","149"
"人口【万人】","総人口","概算値","全国","2024年10月","95～99歳","","64","13","50"
"人口【万人】","総人口","概算値","全国","2024年10月","100歳以上","","9","1","8"
"人口【万人】","総人口","概算値","全国","2024年10月","（再掲）15歳未満","","1,383","709","675"
"人口【万人】","総人口","概算値","全国","2024年10月","（再掲）15～64歳","","7,371","3,743","3,628"
"人口【万人】","総人口","概算値","全国","2024年10月","（再掲）65歳以上","","3,624","1,572","2,053"
"人口【万人】","総人口","概算値","全国","2024年10月","（再掲）うち75歳以上","","2,078","831","1,248"
"人口【万人】","総人口","概算値","全国","2024年10月","（再掲）うち85歳以上","","676","219","457"
"人口【万人】","総人口","概算値","全国","2024年11月","総数","","12,379","6,023","6,355"
"人口【万人】","総人口","概算値","全国","2024年11月","0～4歳","","393","201","192"
"人口【万人】","総人口","概算値","全国","2024年11月","5～9歳","","469","240","229"
"人口【万人】","総人口","概算値","全国","2024年11月","10～14歳","","518","265","253"
"人口【万人】","総人口","概算値","全国","2024年11月","15～19歳","","548","281","267"
"人口【万人】","総人口","概算値","全国","2024年11月","20～24歳","","626","324","303"
"人口【万人】","総人口","概算値","全国","2024年11月","25～29歳","","652","336","316"
"人口【万人】","総人口","概算値","全国","2024年11月","30～34歳","","640","329","311"
"人口【万人】","総人口","概算値","全国","2024年11月","35～39歳","","685","350","335"
"人口【万人】","総人口","概算値","全国","2024年11月","40～44歳","","761","386","375"
"人口【万人】","総人口","概算値","全国","2024年11月","45～49歳","","872","442","430"
"人口【万人】","総人口","概算値","全国","2024年11月","50～54歳","","981","495","485"
"人口【万人】","総人口","概算値","全国","2024年11月","55～59歳","","850","426","424"
"人口【万人】","総人口","概算値","全国","2024年11月","60～64歳","","759","376","383"
"人口【万人】","総人口","概算値","全国","2024年11月","65～69歳","","726","353","372"
"人口【万人】","総人口","概算値","全国","2024年11月","70～74歳","","814","385","430"
"人口【万人】","総人口","概算値","全国","2024年11月","75～79歳","","793","359","434"
"人口【万人】","総人口","概算値","全国","2024年11月","80～84歳","","614","255","359"
"人口【万人】","総人口","概算値","全国","2024年11月","85～89歳","","395","144","250"
"人口【万人】","総人口","概算値","全国","2024年11月","90～94歳","","209","60","149"
"人口【万人】","総人口","概算値","全国","2024年11月","95～99歳","","64","13","51"
"人口【万人】","総人口","概算値","全国","2024年11月","100歳以上","","9","1","8"
"人口【万人】","総人口","概算値","全国","2024年11月","（再掲）15歳未満","","1,380","707","673"
"人口【万人】","総人口","概算値","全国","2024年11月","（再掲）15～64歳","","7,375","3,745","3,630"
"人口【万人】","総人口","概算値","全国","2024年11月","（再掲）65歳以上","","3,624","1,571","2,052"
"人口【万人】","総人口","概算値","全国","2024年11月","（再掲）うち75歳以上","","2,084","833","1,251"
"人口【万人】","総人口","概算値","全国","2024年11月","（再掲）うち85歳以上","","676","219","457"
"人口【万人】","総人口","概算値","全国","2024年12月","総数","","12,374","6,021","6,353"
"人口【万人】","総人口","概算値","全国","2024年12月","0～4歳","","392","201","191"
"人口【万人】","総人口","概算値","全国","2024年12月","5～9歳","","468","240","229"
"人口【万人】","総人口","概算値","全国","2024年12月","10～14歳","","518","265","252"
"人口【万人】","総人口","概算値","全国","2024年12月","15～19歳","","548","281","267"
"人口【万人】","総人口","概算値","全国","2024年12月","20～24歳","","626","324","303"
"人口【万人】","総人口","概算値","全国","2024年12月","25～29歳","","651","336","316"
"人口【万人】","総人口","概算値","全国","2024年12月","30～34歳","","641","330","311"
"人口【万人】","総人口","概算値","全国","2024年12月","35～39歳","","684","350","335"
"人口【万人】","総人口","概算値","全国","2024年12月","40～44歳","","761","386","375"
"人口【万人】","総人口","概算値","全国","2024年12月","45～49歳","","870","441","429"
"人口【万人】","総人口","概算値","全国","2024年12月","50～54歳","","982","496","486"
"人口【万人】","総人口","概算値","全国","2024年12月","55～59歳","","851","426","425"
"人口【万人】","総人口","概算値","全国","2024年12月","60～64歳","","760","377","383"
"人口【万人】","総人口","概算値","全国","2024年12月","65～69歳","","724","353","372"
"人口【万人】","総人口","概算値","全国","2024年12月","70～74歳","","809","382","427"
"人口【万人】","総人口","概算値","全国","2024年12月","75～79歳","","798","361","437"
"人口【万人】","総人口","概算値","全国","2024年12月","80～84歳","","613","255","358"
"人口【万人】","総人口","概算値","全国","2024年12月","85～89歳","","396","145","251"
"人口【万人】","総人口","概算値","全国","2024年12月","90～94歳","","209","61","149"
"人口【万人】","総人口","概算値","全国","2024年12月","95～99歳","","64","13","51"
"人口【万人】","総人口","概算値","全国","2024年12月","100歳以上","","9","1","8"
"人口【万人】","総人口","概算値","全国","2024年12月","（再掲）15歳未満","","1,378","706","672"
"人口【万人】","総人口","概算値","全国","2024年12月","（再掲）15～64歳","","7,374","3,744","3,629"
"人口【万人】","総人口","概算値","全国","2024年12月","（再掲）65歳以上","","3,623","1,571","2,052"
"人口【万人】","総人口","概算値","全国","2024年12月","（再掲）うち75歳以上","","2,089","836","1,253"
"人口【万人】","総人口","概算値","全国","2024年12月","（再掲）うち85歳以上","","678","220","458"
"人口【万人】","総人口","概算値","全国","2025年1月","総数","","12,359","6,012","6,346"
"人口【万人】","総人口","概算値","全国","2025年1月","0～4歳","","391","200","191"
"人口【万人】","総人口","概算値","全国","2025年1月","5～9歳","","467","239","228"
"人口【万人】","総人口","概算値","全国","2025年1月","10～14歳","","517","265","252"
"人口【万人】","総人口","概算値","全国","2025年1月","15～19歳","","548","281","267"
"人口【万人】","総人口","概算値","全国","2025年1月","20～24歳","","625","322","302"
"人口【万人】","総人口","概算値","全国","2025年1月","25～29歳","","648","334","314"
"人口【万人】","総人口","概算値","全国","2025年1月","30～34歳","","639","329","310"
"人口【万人】","総人口","概算値","全国","2025年1月","35～39歳","","682","348","333"
"人口【万人】","総人口","概算値","全国","2025年1月","40～44歳","","759","385","374"
"人口【万人】","総人口","概算値","全国","2025年1月","45～49歳","","867","439","428"
"人口【万人】","総人口","概算値","全国","2025年1月","50～54歳","","982","496","486"
"人口【万人】","総人口","概算値","全国","2025年1月","55～59歳","","852","427","426"
"人口【万人】","総人口","概算値","全国","2025年1月","60～64歳","","762","378","384"
"人口【万人】","総人口","概算値","全国","2025年1月","65～69歳","","724","352","371"
"人口【万人】","総人口","概算値","全国","2025年1月","70～74歳","","805","380","424"
"人口【万人】","総人口","概算値","全国","2025年1月","75～79歳","","803","363","440"
"人口【万人】","総人口","概算値","全国","2025年1月","80～84歳","","612","254","358"
"人口【万人】","総人口","概算値","全国","2025年1月","85～89歳","","395","145","250"
"人口【万人】","総人口","概算値","全国","2025年1月","90～94歳","","209","60","148"
"人口【万人】","総人口","概算値","全国","2025年1月","95～99歳","","64","13","51"
"人口【万人】","総人口","概算値","全国","2025年1月","100歳以上","","9","1","8"
"人口【万人】","総人口","概算値","全国","2025年1月","（再掲）15歳未満","","1,375","704","671"
"人口【万人】","総人口","概算値","全国","2025年1月","（再掲）15～64歳","","7,363","3,738","3,625"
"人口【万人】","総人口","概算値","全国","2025年1月","（再掲）65歳以上","","3,621","1,570","2,051"
"人口【万人】","総人口","概算値","全国","2025年1月","（再掲）うち75歳以上","","2,092","837","1,255"
"人口【万人】","総人口","概算値","全国","2025年1月","（再掲）うち85歳以上","","677","220","458"
